{
  "global_fits": {
    "full": {
      "step_cost": 0.9484568466552857,
      "temperature": 0.1927218123038602,
      "alpha": 0.446422670240564,
      "optimizer_nll": 34.702393181580135,
      "name": "Full Model",
      "nll": 0.9140483623459916,
      "nll_se": 0.05683480925251008,
      "r": 0.8687528595868973,
      "r_se": 0.028350233769258836,
      "rmse": 0.15020894383874184,
      "rmse_se": 0.01428175079895586
    },
    "sem": {
      "step_cost": 0.16630566118153875,
      "temperature": 0.5143612937709368,
      "optimizer_nll": 41.79672318895087,
      "name": "Semantics Only",
      "nll": 1.0999137681302862,
      "nll_se": 0.10629888000350533,
      "r": 0.8116642583261039,
      "r_se": 0.035539887684072215,
      "rmse": 0.18082142337533713,
      "rmse_se": 0.015326111937879654
    },
    "nopref": {
      "step_cost": 0.5929186382323215,
      "temperature": 0.08527414415343412,
      "alpha": 0.4467904372997158,
      "optimizer_nll": 38.11899148322703,
      "name": "No Preference",
      "nll": 1.0030851612752818,
      "nll_se": 0.06255089541791556,
      "r": 0.7682028186497898,
      "r_se": 0.037562914576529174,
      "rmse": 0.19386358791790417,
      "rmse_se": 0.01376779157200493
    },
    "nocausal": {
      "step_cost": 0.9440146196566191,
      "temperature": 0.19668992420419365,
      "alpha": 0.3415920895299393,
      "optimizer_nll": 45.70387870428795,
      "name": "No Causal",
      "nll": 1.1999562940221409,
      "nll_se": 0.04229004371072641,
      "r": 0.482166825123567,
      "r_se": 0.060742718940084504,
      "rmse": 0.2653225201796921,
      "rmse_se": 0.016038569676447147
    }
  },
  "cv_summary": {
    "sem": {
      "nll": {
        "mean": 1.1657025667374086,
        "se": 0.12892050428340052,
        "scores": [
          1.0720910596483135,
          1.46186415951328,
          0.7936657260533554,
          1.0465331757383776,
          1.454358712733716
        ]
      },
      "r": {
        "mean": 0.769483834814787,
        "se": 0.06982268061803956,
        "scores": [
          0.8910210153483648,
          0.6255974464349958,
          0.9064048214720887,
          0.8476949061197439,
          0.5767009846987419
        ]
      },
      "rmse": {
        "mean": 0.19177390162785277,
        "se": 0.021925667663069685,
        "scores": [
          0.147121870492115,
          0.23566164150576666,
          0.14809866471077646,
          0.17657843952780908,
          0.2514088919027967
        ]
      }
    },
    "full": {
      "nll": {
        "mean": 0.9657613230406336,
        "se": 0.06759037306474029,
        "scores": [
          0.9353215280648719,
          1.1010629938368486,
          0.7368959639579277,
          0.9500833927377206,
          1.1054427366057988
        ]
      },
      "r": {
        "mean": 0.8194164892896844,
        "se": 0.037041076029161416,
        "scores": [
          0.8593756419619888,
          0.7414506072926754,
          0.9417992173033607,
          0.8020098028306382,
          0.7524471770597588
        ]
      },
      "rmse": {
        "mean": 0.1715167988688536,
        "se": 0.008678331118152013,
        "scores": [
          0.1520888500238266,
          0.1860465820310819,
          0.14852604152197244,
          0.18580614268135268,
          0.18511637808603443
        ]
      }
    },
    "nopref": {
      "nll": {
        "mean": 1.0311973693525334,
        "se": 0.09194875664899636,
        "scores": [
          1.0156408531047814,
          1.1555180766045725,
          0.7456406910366851,
          0.9519281347177185,
          1.2872590912989093
        ]
      },
      "r": {
        "mean": 0.7165705511767688,
        "se": 0.06567136079607178,
        "scores": [
          0.7626649314830284,
          0.623130957158955,
          0.9037087878916348,
          0.7703816357821696,
          0.5229664435680564
        ]
      },
      "rmse": {
        "mean": 0.20248961875067514,
        "se": 0.014803687433837885,
        "scores": [
          0.1919876982564358,
          0.21450674883410262,
          0.15774302297685108,
          0.1996968371446689,
          0.24851378654131745
        ]
      }
    },
    "nocausal": {
      "nll": {
        "mean": 1.234928561819819,
        "se": 0.03703022911708746,
        "scores": [
          1.1566036384565184,
          1.3261844678573977,
          1.2376628503160887,
          1.1469955308901107,
          1.307196321578979
        ]
      },
      "r": {
        "mean": 0.4083748782539985,
        "se": 0.052121493990184314,
        "scores": [
          0.5146619460562174,
          0.3020701531313483,
          0.3445221342991122,
          0.5534879927261979,
          0.3271321650571167
        ]
      },
      "rmse": {
        "mean": 0.2733524278175473,
        "se": 0.01354346432248095,
        "scores": [
          0.25399040925792116,
          0.2597110173142656,
          0.32673361050920646,
          0.25814580316043373,
          0.26818129884590974
        ]
      }
    }
  }
}